<?xml version="1.0"?>
<!DOCTYPE modification SYSTEM "http://www.simplemachines.org/xml/modification">
<modification xmlns="http://www.simplemachines.org/xml/modification" xmlns:smf="http://www.simplemachines.org/">
	<name>Hack's Park Shoutbox</name>
	<id>HacksPark:shoutBox</id>
	<version>2.0.2</version>
	<homepage>http://www.hackspark.com/</homepage>
	<file name="$languagedir/Modifications.english.php">
		<operation>
			<search position="replace"><![CDATA[// Hack's Park Shoutbox -->
$txt['sba_title'] = 'Shoutbox';
$txt['sba_link'] = 'Shoutbox Admin';]]></search>
			<add><![CDATA[// Hack's Park Shoutbox -->
$txt['sba_title'] = 'Shoutbox';
$txt['sba_link'] = 'Shoutbox';]]></add>
		</operation>
	</file>
	<file name="$sourcedir/Admin.php">
		<operation>
			<search position="after"><![CDATA['featuresettings' => array(]]></search>
			<add><![CDATA['shoutbox' => array(
					'label' => $txt['sba_link'],
					'file' => 'ManageShoutbox.php',
					'function' => 'ManageShoutbox',
					'icon' => 'support.gif',
				),
				]]></add>
		</operation>
		<operation>
			<search position="replace"><![CDATA['shoutbox_area' => array(
			'title' => $txt['sba_title'],
			'permission' => array('admin_forum'),
			'areas' => array(
				'shoutbox' => array(
					'label' => $txt['sba_link'],
					'file' => 'ManageShoutbox.php',
					'function' => 'ManageShoutbox',
					'icon' => 'support.gif',
				)
			)
		),
		]]></search>
			<add><![CDATA[/*
		'shoutbox_area' => array(
			'title' => $txt['sba_title'],
			'permission' => array('admin_forum'),
			'areas' => array(
				'shoutbox' => array(
					'label' => $txt['sba_link'],
					'file' => 'ManageShoutbox.php',
					'function' => 'ManageShoutbox',
					'icon' => 'support.gif',
				)
			)
		),
		*/
		]]></add>
		</operation>
	</file>
</modification>