<?xml version="1.0"?>
<!DOCTYPE modification SYSTEM "http://www.simplemachines.org/xml/modification">
<modification xmlns="http://www.simplemachines.org/xml/modification" xmlns:smf="http://www.simplemachines.org/">
	<id>din1031:MemberColorLink</id>
	<version>2.0.1</version>
	<info>Installeren van nederlandse taal voor leden kleuren links</info>
	<homepage>http://www.borderline.nl</homepage>
	<file name="$languagedir/Modifications.dutch-utf8.php" error="skip">
		<operation>
			<search position="after"><![CDATA[?>]]></search>
			<add><![CDATA[
//Dutch Translation made by goofyboy@simplemachines.org
$txt['MemberColorLinkHeadline'] = 'Leden kleuren links';
$txt['MemberColorLink'] = 'Tonen in topics';
$txt['MemberColorThreadOwner'] = 'De topic starter in het onderdeel';
$txt['MemberColorThreadLastPost'] = 'Lid die als laatste het bericht heeft geschreven';
$txt['MemberColorThreadChild'] = 'The last post member at the childboard';
$txt['MemberColorModeratorLinks'] = 'Kleur voor de moderatorlinks';
$txt['MemberColorBoardindex'] = 'Het laatste lid op de forum index';
$txt['MemberColorBirthday'] = 'Verjaardag link van het lid (Kalender en forum index)';
$txt['MemberColorRecentOwner'] = 'Recente berichten, topicstarter';
$txt['MemberColorRecentLastPost'] = 'Recente berichten, laatste lid';
$txt['MemberColorInbox'] = 'Verander kleur in prive bericht van postvak in';
$txt['MemberColorOutbox'] = 'Verander kleur in prive bericht van postvak uit';
$txt['MemberColorLatestMember'] = 'Kleur van het laatste lid';
$txt['MemberColorStats'] = 'Verander kleur van forum statestieken.';
$txt['MemberColorWhoIsOnline'] = 'Kleuren van "wie is online" (Messagesindex and Threadindex)';
$txt['MemberColorGuests'] = 'Kleuren voor bezoeker berichten<br /><span class="smalltext">Forum index, Berichten index en Theaddisplay</span>';
$txt['MemberColorBanned'] = 'kleur voor gebande ledennamen';
$txt['MemberColorLinkOldSpanStyle'] = 'Gebruik een HTML markering met spanwijdte voor de kleur (Oude stijl van de mod)';
$txt['MemberColorBirthdayColor'] = 'Kleur voor de ledennamen bij Verjaardag';
$txt['MemberColorModCenter'] = 'Kleurenlink voor de moderator center';
$txt['MemberColorIssuePList'] = 'Kleurenlink van het profiel op waarschuwingslijst';
$txt['MemberColorAllSearch'] = 'Kleuren uitbreiden in het zoekgebied (Zware serverbelasting)';
]]></add>
		</operation>
	</file>
</modification>