<?xml version="1.0"?>
<!DOCTYPE modification SYSTEM "http://www.simplemachines.org/xml/modification">
<modification xmlns="http://www.simplemachines.org/xml/modification" xmlns:smf="http://www.simplemachines.org/">
	<id>din1031:MemberColorLink</id>
	<version>2.0.5</version>
	<info>Install the english Language fot the Member Color Link</info>
	<homepage>http://www.ayu-kult.de</homepage>
	<file name="$languagedir/Modifications.swedish-utf8.php" error="skip">
		<operation>
			<search position="after"><![CDATA[?>]]></search>
			<add><![CDATA[
$txt['MemberColorLinkHeadline'] = 'Länkfärg baserat på medlemsgrupp';
$txt['MemberColorLink'] = 'På trådindexet';
$txt['MemberColorThreadOwner'] = 'Startaren av ämnet på forumindexet';
$txt['MemberColorThreadLastPost'] = 'Författare av det senaste inlägget på meddelandeindexet';
$txt['MemberColorThreadChild'] = 'Författare av det senaste inlägget bland deltavlorna';
$txt['MemberColorModeratorLinks'] = 'Moderator länkarna';
$txt['MemberColorBoardindex'] = 'Författare av det senaste inlägget på forumindexet';
$txt['MemberColorBirthday'] = 'Medlemars födelsedagar (Kalendern och and forumindexet)';
$txt['MemberColorRecentOwner'] = 'Nyliga inlägg, trådstartare';
$txt['MemberColorRecentLastPost'] = 'Nyliga inlägg, senaste postare';
$txt['MemberColorInbox'] = 'Inkorgen för PM';
$txt['MemberColorOutbox'] = 'Utkorgen för PM';
$txt['MemberColorLatestMember'] = 'Senaste medlemen';
$txt['MemberColorStats'] = 'Statistikcentret.';
$txt['MemberColorWhoIsOnline'] = 'Vem är online';
$txt['MemberColorGuests'] = 'Färg på gäster';
$txt['MemberColorBanned'] = 'Färg på bannlysta';
$txt['MemberColorBirthdayColor'] = 'Color for Brithday nicknames';
$txt['MemberColorModCenter'] = 'Color links for the Moderation Center';
$txt['MemberColorIssuePList'] = 'Color links of the profile issued warning list';
$txt['MemberColorAllSearch'] = 'Extend Color in Search to all Field (Heavy load needed)';
]]></add>
		</operation>
	</file>
</modification>