﻿<?xml version="1.0"?>
<!DOCTYPE modification SYSTEM "http://www.simplemachines.org/xml/modification">
<modification xmlns="http://www.simplemachines.org/xml/modification" xmlns:smf="http://www.simplemachines.org/">
	<id>din1031:MemberColorLink</id>
	<version>2.0.5</version>
	<info>Install the Turkish Language fot the Member Color Link. 
Translatet By KraL@www.simplemachines.org</info>
	<homepage>http://www.ayu-kult.de</homepage>
	<file name="$languagedir/Modifications.turkish-utf8.php" error="skip">
		<operation>
			<search position="after"><![CDATA[?>]]></search>
			<add><![CDATA[
//Tr Ceviri: KraL, alperuzi
$txt['MemberColorLinkHeadline'] = 'Üye Link Renkleri';
$txt['MemberColorLink'] = 'Mesaj listesinde üyeleri renklendir';
$txt['MemberColorThreadOwner'] = 'Anasayfada konu sahibini renklendir';
$txt['MemberColorThreadLastPost'] = 'Mesaj litesinde son mesajcýyý renklendir';
$txt['MemberColorThreadChild'] = 'Alt bölümde son mesajcýyý renklendir';
$txt['MemberColorModeratorLinks'] = 'Moderatör linkleri rengi';
$txt['MemberColorBoardindex'] = 'Anasayfada son mesajcýyý renklendir';
$txt['MemberColorBirthday'] = 'Doðumgünü listesinde üyeleri renklendir';
$txt['MemberColorRecentOwner'] = 'Son konularda konu sahibini renklendir';
$txt['MemberColorRecentLastPost'] = 'Son konularda son mesajcýyý renklendir';
$txt['MemberColorInbox'] = 'Özel mesajlarda üyeleri renklendir (Gelen kutusu)';
$txt['MemberColorOutbox'] = 'Özel mesajlarda üyeleri renklendir (Giden kutusu)';
$txt['MemberColorLatestMember'] = 'Son üyeyi renklendir';
$txt['MemberColorStats'] = 'Ýstatistiklerde üyeleri renklendir';
$txt['MemberColorWhoIsOnline'] = 'Kimler online listesinde üyeleri renklendir';
$txt['MemberColorGuests'] = 'Ziyaretçi isimleri için renk<br /><span class="smalltext">Boradindex, Messageindex ve Konu gösteriminde</span>';
$txt['MemberColorBanned'] = 'Yasakli üye isimleri için renk';
$txt['MemberColorLinkOldSpanStyle'] = 'Use a span html tag for the color (Old Style of the Mod)';
$txt['MemberColorBirthdayColor'] = 'Color for Brithday nicknames';
$txt['MemberColorModCenter'] = 'Color links for the Moderation Center';
$txt['MemberColorIssuePList'] = 'Color links of the profile issued warning list';
$txt['MemberColorAllSearch'] = 'Extend Color in Search to all Field (Heavy load needed)';
]]></add>
		</operation>
	</file>
</modification>