<?xml version="1.0"?>
<!DOCTYPE modification SYSTEM "http://www.simplemachines.org/xml/modification">
<modification xmlns="http://www.simplemachines.org/xml/modification" xmlns:smf="http://www.simplemachines.org/">
	<id>din1031:MemberColorLink</id>
	<version>2.0.1</version>
	<file name="$languagedir/Modifications.portuguese_pt.php" error="skip">
		<operation>
			<search position="after"><![CDATA[?>]]></search>
			<add><![CDATA[
//Portuguese Translation made by joomlamz at simplemachines.org
$txt['MemberColorLinkHeadline'] = 'Cor do Membro';
$txt['MemberColorLink'] = 'A exibição do threadindex';
$txt['MemberColorThreadOwner'] = 'A thread proprietário no boardindex';
$txt['MemberColorThreadLastPost'] = 'O último poste do membro na messageindex';
$txt['MemberColorThreadChild'] = 'O último poste do membro na childboard';
$txt['MemberColorModeratorLinks'] = 'Color the Moderator Links';
$txt['MemberColorBoardindex'] = 'O último poste do membro no boardindex';
$txt['MemberColorBirthday'] = 'O Aniversário Links dos membros (Agenda e Boardindex)';
$txt['MemberColorRecentOwner'] = 'Mensagens recentes, threadowner';
$txt['MemberColorRecentLastPost'] = 'Mensagens recentes, o último poste';
$txt['MemberColorInbox'] = 'Mudar cores no Mensagens Instantâneas Recebidas';
$txt['MemberColorOutbox'] = 'Mudar cores no Mensagens Instantâneas Saída';
$txt['MemberColorLatestMember'] = 'Cor a mais recente membro';
$txt['MemberColorStats'] = 'Alterar a cor no quadro das estatisticas.';
$txt['MemberColorWhoIsOnline'] = 'Cor de quem esta Online (Messagesindex e Threadindex)';
$txt['MemberColorGuests'] = 'Cor dos visitantes <br /><span class="smalltext">Boradindex, Messageindex and Theaddisplay</span>';
$txt['MemberColorBanned'] = 'Cor de membros Banido';
$txt['MemberColorLinkOldSpanStyle'] = 'Use a span html tag for the color (Old Style of the Mod)';
$txt['MemberColorBirthdayColor'] = 'Color for Brithday nicknames';
$txt['MemberColorModCenter'] = 'Color links for the Moderation Center';
$txt['MemberColorIssuePList'] = 'Color links of the profile issued warning list';
$txt['MemberColorAllSearch'] = 'Extend Color in Search to all Field (Heavy load needed)';
]]></add>
		</operation>
	</file>
</modification>