<?xml version="1.0"?>
<!DOCTYPE modification SYSTEM "http://www.simplemachines.org/xml/modification">
<modification xmlns="http://www.simplemachines.org/xml/modification" xmlns:smf="http://www.simplemachines.org/">
	<id>din1031:MemberColorLink</id>
	<version>2.0.5</version>
	<info>Install the english Language fot the Member Color Link</info>
	<homepage>http://www.ayu-kult.de</homepage>
	<file name="$languagedir/Modifications.swedish.php" error="skip">
		<operation>
			<search position="after"><![CDATA[?>]]></search>
			<add><![CDATA[
$txt['MemberColorLinkHeadline'] = 'L&auml;nkf&auml;rg baserat p&aring; medlemsgrupp';
$txt['MemberColorLink'] = 'P&aring; tr&aring;dindexet';
$txt['MemberColorThreadOwner'] = 'Startaren av &auml;mnet p&aring; forumindexet';
$txt['MemberColorThreadLastPost'] = 'F&ouml;rfattare av det senaste inl&auml;gget p&aring; meddelandeindexet';
$txt['MemberColorThreadChild'] = 'F&ouml;rfattare av det senaste inl&auml;gget bland deltavlorna';
$txt['MemberColorModeratorLinks'] = 'Moderator l&auml;nkarna';
$txt['MemberColorBoardindex'] = 'F&ouml;rfattare av det senaste inl&auml;gget p&aring; forumindexet';
$txt['MemberColorBirthday'] = 'Medlemars f&ouml;delsedagar (Kalendern och and forumindexet)';
$txt['MemberColorRecentOwner'] = 'Nyliga inl&auml;gg, tr&aring;dstartare';
$txt['MemberColorRecentLastPost'] = 'Nyliga inl&auml;gg, senaste postare';
$txt['MemberColorInbox'] = 'Inkorgen f&ouml;r PM';
$txt['MemberColorOutbox'] = 'Utkorgen f&ouml;r PM';
$txt['MemberColorLatestMember'] = 'Senaste medlemen';
$txt['MemberColorStats'] = 'Statistikcentret.';
$txt['MemberColorWhoIsOnline'] = 'Vem &auml;r online';
$txt['MemberColorGuests'] = 'F&auml;rg p&aring; g&auml;ster';
$txt['MemberColorBanned'] = 'F&auml;rg p&aring; bannlysta';
$txt['MemberColorBirthdayColor'] = 'Color for Brithday nicknames';
$txt['MemberColorModCenter'] = 'Color links for the Moderation Center';
$txt['MemberColorIssuePList'] = 'Color links of the profile issued warning list';
$txt['MemberColorAllSearch'] = 'Extend Color in Search to all Field (Heavy load needed)';
]]></add>
		</operation>
	</file>
</modification>