<?xml version="1.0"?>
<!DOCTYPE modification SYSTEM "http://www.simplemachines.org/xml/modification">
<modification xmlns="http://www.simplemachines.org/xml/modification" xmlns:smf="http://www.simplemachines.org/">
	<id>din1031:MemberColorLink</id>
	<version>3.0.0</version>
	<info>Install the english Language fot the Member Color Link</info>
	<homepage>http://www.ayu-kult.de</homepage>

	<file name="$languagedir/Modifications.russian-utf8.php" error="skip">
		<operation>
			<search position="end" />
			<add><![CDATA[
//Member Color Link
$txt['MemberColorLinkHeadline'] = 'Цвет ников пользователей';
$txt['MemberColorLink'] = 'Изменить цвет ника-ссылки на профиль в сообщениях';
$txt['MemberColorLinkOldSpanStyle'] = 'Использовать тег <b>span</b> для установки цвета (старый стиль мода)';
$txt['MemberColorThreadOwner'] = 'Изменить цвет ника автора темы в разделе';
$txt['MemberColorThreadLastPost'] = 'Изменить цвет ников в списке последних сообщений';
$txt['MemberColorThreadChild'] = 'Изменить цвет ников в последних ответах в подразделах';
$txt['MemberColorModeratorLinks'] = 'Изменить цвет ссылок на модераторов';
$txt['MemberColorBoardindex'] = 'Изменить цвет ников в последних ответах (в разделах)';
$txt['MemberColorBirthday'] = 'Изменить цвет ников в дни рождения (в Календаре и на главной странице)';
$txt['MemberColorRecentOwner'] = 'Изменить цвет ников в ячейке "Последние сообщения на форуме, автор"';
$txt['MemberColorRecentLastPost'] = 'Изменить цвет ников в ячейке "Последние сообщения на форуме, последний ответ"';
$txt['MemberColorInbox'] = 'Изменить цвет ников во входящих ЛС';
$txt['MemberColorOutbox'] = 'Изменить цвет ников в исходящих ЛС';
$txt['MemberColorLatestMember'] = 'Изменить цвет ника "последнего пользователя" в статистике';
$txt['MemberColorStats'] = 'Изменить цвет ников в общей статистике форума';
$txt['MemberColorWhoIsOnline'] = 'Изменить цвет ников на странице &laquo;Кто онлайн&raquo;<br /><span class="smalltext">MessageIndex и ThreadIndex</span>';
$txt['MemberColorGuests'] = 'Цвет ников гостей<br /><span class="smalltext">BoardIndex, MessageIndex и TheadDisplay</span>';
$txt['MemberColorBanned'] = 'Цвет ников забаненных пользователей';
$txt['MemberColorBirthdayColor'] = 'Цвет ников пользователей в их дни рождения';
$txt['MemberColorModCenter'] = 'Изменить цветные ссылки для центра модерации';
$txt['MemberColorIssuePList'] = 'Изменить цветные ссылки профиля, исключая список предупреждений';
$txt['MemberColorAllSearch'] = 'Расширенный цвет в поиске для всех полей (сильная нагрузка)';
]]></add>
		</operation>
	</file>
	
</modification>