<?xml version="1.0"?>
<!DOCTYPE modification SYSTEM "http://www.simplemachines.org/xml/modification">
<modification xmlns="http://www.simplemachines.org/xml/modification" xmlns:smf="http://www.simplemachines.org/">
	<id>din1031:MemberColorLink</id>
	<version>3.0.0</version>
	<file name="$languagedir/Modifications.italian.php" error="skip">
		<operation>
			<search position="after"><![CDATA[?>]]></search>
			<add><![CDATA[
//Italian Translation made by leonardus add simplemachines.org
$txt['MemberColorLinkHeadline'] = 'Colore Link Membro';
$txt['MemberColorLink'] = 'Visualizzazione dell\'indice';
$txt['MemberColorLinkOldSpanStyle'] = 'Usa i tag span e html per il colore (Vecchio stile della modifica)';
$txt['MemberColorThreadOwner'] = 'Autore del messaggio sull\'indice della board';
$txt['MemberColorThreadLastPost'] = 'Ultimo post all\'indice dei messaggi';
$txt['MemberColorThreadChild'] = 'Autore dell\'ultimo post sulla board figlia';
$txt['MemberColorModeratorLinks'] = 'Colore del link dei Moderatori';
$txt['MemberColorBoardindex'] = 'Autore dell\' ultimo post sull\' indice della board';
$txt['MemberColorBirthday'] = 'Link del compleanno dei membri (Calendario e indice board)';
$txt['MemberColorRecentOwner'] = 'Autore dei post recenti';
$txt['MemberColorRecentLastPost'] = 'Post recenti, l\'ultimo post';
$txt['MemberColorInbox'] = 'Cambia colore nei messaggi istantanei che arrivano';
$txt['MemberColorOutbox'] = 'Cambia colore nei messaggi istantanei che partono';
$txt['MemberColorLatestMember'] = 'Colore dell\'ultimo membro';
$txt['MemberColorStats'] = 'Cambia il colore nella board delle statistiche';
$txt['MemberColorWhoIsOnline'] = 'Colore del chi � online (Indice dei messaggi e indice dei thread)';
$txt['MemberColorGuests'] = 'Coloro dei nickname degli ospiti<br /><span class="smalltext">Boradindex, Messageindex and Theaddisplay</span>';
$txt['MemberColorBanned'] = 'Coloro dei nick name banditi';
$txt['MemberColorBirthdayColor'] = 'Colore dei nickname che fanno il compleanno';
$txt['MemberColorModCenter'] = 'Colore del link per il Centro Moderazione';
$txt['MemberColorIssuePList'] = 'Colore del link nella lista di avvertimento';
$txt['MemberColorAllSearch'] = 'Estendi il colore nella ricerca in tutti i campi (Carico elevato)';
]]></add>
		</operation>
	</file>
</modification>