<?xml version="1.0"?>
<!DOCTYPE modification SYSTEM "http://www.simplemachines.org/xml/modification">
<modification xmlns="http://www.simplemachines.org/xml/modification" xmlns:smf="http://www.simplemachines.org/">
	<id>din1031:MemberColorLink</id>
	<version>2.1.0</version>
	<info>Install the Turkish Language fot the Member Color Link. 
Translatet By KraL@www.simplemachines.org</info>
	<homepage>http://www.ayu-kult.de</homepage>
	<file name="$languagedir/Modifications.turkish.php" error="skip">
		<operation>
			<search position="after"><![CDATA[?>]]></search>
			<add><![CDATA[
//Tr Ceviri: KraL, alperuzi
$txt['MemberColorLinkHeadline'] = '&Uuml;ye Link Renkleri';
$txt['MemberColorLink'] = 'Mesaj listesinde &uuml;yeleri renklendir';
$txt['MemberColorThreadOwner'] = 'Anasayfada konu sahibini renklendir';
$txt['MemberColorThreadLastPost'] = 'Mesaj litesinde son mesajc&yacute;y&yacute; renklendir';
$txt['MemberColorThreadChild'] = 'Alt b&ouml;l&uuml;mde son mesajc&yacute;y&yacute; renklendir';
$txt['MemberColorModeratorLinks'] = 'Moderat&ouml;r linkleri rengi';
$txt['MemberColorBoardindex'] = 'Anasayfada son mesajc&yacute;y&yacute; renklendir';
$txt['MemberColorBirthday'] = 'Do&eth;umg&uuml;n&uuml; listesinde &uuml;yeleri renklendir';
$txt['MemberColorRecentOwner'] = 'Son konularda konu sahibini renklendir';
$txt['MemberColorRecentLastPost'] = 'Son konularda son mesajc&yacute;y&yacute; renklendir';
$txt['MemberColorInbox'] = '&Ouml;zel mesajlarda &uuml;yeleri renklendir (Gelen kutusu)';
$txt['MemberColorOutbox'] = '&Ouml;zel mesajlarda &uuml;yeleri renklendir (Giden kutusu)';
$txt['MemberColorLatestMember'] = 'Son &uuml;yeyi renklendir';
$txt['MemberColorStats'] = '&Yacute;statistiklerde &uuml;yeleri renklendir';
$txt['MemberColorWhoIsOnline'] = 'Kimler online listesinde &uuml;yeleri renklendir';
$txt['MemberColorGuests'] = 'Ziyaret&ccedil;i isimleri i&ccedil;in renk<br /><span class="smalltext">Boradindex, Messageindex ve Konu g&ouml;steriminde</span>';
$txt['MemberColorBanned'] = 'Yasakli &uuml;ye isimleri i&ccedil;in renk';
$txt['MemberColorLinkOldSpanStyle'] = 'Use a span html tag for the color (Old Style of the Mod)';
$txt['MemberColorBirthdayColor'] = 'Color for Brithday nicknames';
$txt['MemberColorModCenter'] = 'Color links for the Moderation Center';
$txt['MemberColorIssuePList'] = 'Color links of the profile issued warning list';
$txt['MemberColorAllSearch'] = 'Extend Color in Search to all Field (Heavy load needed)';
]]></add>
		</operation>
	</file>
</modification>