<?xml version="1.0"?>
<!DOCTYPE package-info SYSTEM "http://www.simplemachines.org/xml/package-info">

<package-info xmlns="http://www.simplemachines.org/xml/package-info" xmlns:smf="http://www.simplemachines.org/">
	<id>din1031:MemberColorLink</id>
	<name>Member Color Link</name>
	<version>3.0.8</version>
	<type>modification</type>
	<install for="1.1.5,1.1.6,1.1.7,1.1.8,1.1.9,1.1.10,1.1.11">
		<readme parsebbc="true">readme.txt</readme>
		<code>install_1.x.x.php</code>
		<modification format="boardmod">MemberColorLink1.1.x.mod</modification>
		<modification type="file">MemberColorLink1.1.x-NIC.xml</modification>
		<modification type="file">MemberColorLinkEnglish.xml</modification>
		<modification type="file">MemberColorLinkEnglish-utf8.xml</modification>
		<modification type="file">MemberColorLinkGerman.xml</modification>
		<modification type="file">MemberColorLinkGerman-utf8.xml</modification>
		<modification type="file">MemberColorLinkSpain.xml</modification>
		<modification type="file">MemberColorLinkTurkish.xml</modification>
		<modification type="file">MemberColorLinkTurkish-utf8.xml</modification>
		<modification type="file">MemberColorLinkDutch.xml</modification>
		<modification type="file">MemberColorLinkDutch-utf8.xml</modification>
		<modification type="file">MemberColorLinkItalian.xml</modification>
		<modification type="file">MemberColorLinkItalian-utf8.xml</modification>
		<modification type="file">MemberColorLinkPortuguese.xml</modification>
		<modification type="file">MemberColorLinkPortuguese-utf8.xml</modification>
		<modification type="file">MemberColorLinkPortuguese_pt.xml</modification>
		<modification type="file">MemberColorLinkPortuguese_pt-utf8.xml</modification>
		<modification type="file">MemberColorLinkBrazilan.xml</modification>
		<modification type="file">MemberColorLinkSwedish.xml</modification>
		<modification type="file">MemberColorLinkSwedish-utf8.xml</modification>
		<modification type="file">MemberColorLinkSwedish.xml</modification>
		<modification type="file">MemberColorLinkSwedish-utf8.xml</modification>
		<modification type="file">MemberColorLinkRussian.xml</modification>
		<modification type="file">MemberColorLinkRussian-utf8.xml</modification>
		<modification type="file">MemberColorLinkSpanish_es.xml</modification>
		<modification type="file">MemberColorLinkSpanish_es-utf8.xml</modification>
		<redirect url="$scripturl?action=featuresettings;sa=MemberColorLinks" timeout="5000">redirect.txt</redirect>
	</install>
	<uninstall for="1.1.5,1.1.6,1.1.7,1.1.8,1.1.9,1.1.10,1.1.11">
		<modification format="boardmod" reverse="true">MemberColorLink1.1.x.mod</modification>
		<modification type="file" reverse="true">MemberColorLinkEnglish.xml</modification>
		<modification type="file" reverse="true">MemberColorLinkEnglish-utf8.xml</modification>
		<modification type="file" reverse="true">MemberColorLinkGerman.xml</modification>
		<modification type="file" reverse="true">MemberColorLinkGerman-utf8.xml</modification>
		<modification type="file" reverse="true">MemberColorLinkSpain.xml</modification>
		<modification type="file" reverse="true">MemberColorLinkTurkish.xml</modification>
		<modification type="file" reverse="true">MemberColorLinkTurkish-utf8.xml</modification>
		<modification type="file" reverse="true">MemberColorLinkDutch.xml</modification>
		<modification type="file" reverse="true">MemberColorLinkDutch-utf8.xml</modification>
		<modification type="file" reverse="true">MemberColorLinkItalian.xml</modification>
		<modification type="file" reverse="true">MemberColorLinkItalian-utf8.xml</modification>
		<modification type="file" reverse="true">MemberColorLinkPortuguese.xml</modification>
		<modification type="file" reverse="true">MemberColorLinkPortuguese-utf8.xml</modification>
		<modification type="file" reverse="true">MemberColorLinkPortuguese_pt.xml</modification>
		<modification type="file" reverse="true">MemberColorLinkPortuguese_pt-utf8.xml</modification>
		<modification type="file" reverse="true">MemberColorLinkBrazilan.xml</modification>
		<modification type="file" reverse="true">MemberColorLinkSwedish.xml</modification>
		<modification type="file" reverse="true">MemberColorLinkSwedish-utf8.xml</modification>
		<modification type="file" reverse="true">MemberColorLinkRussian.xml</modification>
		<modification type="file" reverse="true">MemberColorLinkRussian-utf8.xml</modification>
		<modification type="file" reverse="true">MemberColorLinkSpanish_es.xml</modification>
		<modification type="file" reverse="true">MemberColorLinkSpanish_es-utf8.xml</modification>
	</uninstall>
	<install for="2.0 RC3">
		<readme parsebbc="true">readme.txt</readme>
		<code>install_2.x.x.php</code>
		<modification format="boardmod">MemberColorLink2.0.x.mod</modification>
		<modification type="file">MemberColorLinkEnglish.xml</modification>
		<modification type="file">MemberColorLinkEnglish-utf8.xml</modification>
		<modification type="file">MemberColorLinkGerman.xml</modification>
		<modification type="file">MemberColorLinkGerman-utf8.xml</modification>
		<modification type="file">MemberColorLinkSpain.xml</modification>
		<modification type="file">MemberColorLinkTurkish.xml</modification>
		<modification type="file">MemberColorLinkTurkish-utf8.xml</modification>
		<modification type="file">MemberColorLinkDutch.xml</modification>
		<modification type="file">MemberColorLinkDutch-utf8.xml</modification>
		<modification type="file">MemberColorLinkItalian.xml</modification>
		<modification type="file">MemberColorLinkItalian-utf8.xml</modification>
		<modification type="file">MemberColorLinkPortuguese.xml</modification>
		<modification type="file">MemberColorLinkPortuguese-utf8.xml</modification>
		<modification type="file">MemberColorLinkBrazilan.xml</modification>
		<modification type="file">MemberColorLinkSwedish.xml</modification>
		<modification type="file">MemberColorLinkSwedish-utf8.xml</modification>
		<modification type="file">MemberColorLinkRussian.xml</modification>
		<modification type="file">MemberColorLinkRussian-utf8.xml</modification>
		<modification type="file">MemberColorLinkSpanish_es.xml</modification>
		<modification type="file">MemberColorLinkSpanish_es-utf8.xml</modification>
		<redirect url="$scripturl?action=admin;area=featuresettings;sa=MemberColorLinks;" timeout="5000">redirect.txt</redirect>
	</install>
	<uninstall for="2.0 RC3">
		<modification format="boardmod" reverse="true">MemberColorLink2.0.x.mod</modification>
		<modification type="file" reverse="true">MemberColorLinkEnglish.xml</modification>
		<modification type="file" reverse="true">MemberColorLinkEnglish-utf8.xml</modification>
		<modification type="file" reverse="true">MemberColorLinkGerman.xml</modification>
		<modification type="file" reverse="true">MemberColorLinkGerman-utf8.xml</modification>
		<modification type="file" reverse="true">MemberColorLinkSpain.xml</modification>
		<modification type="file" reverse="true">MemberColorLinkTurkish.xml</modification>
		<modification type="file" reverse="true">MemberColorLinkTurkish-utf8.xml</modification>
		<modification type="file" reverse="true">MemberColorLinkDutch.xml</modification>
		<modification type="file" reverse="true">MemberColorLinkDutch-utf8.xml</modification>
		<modification type="file" reverse="true">MemberColorLinkItalian.xml</modification>
		<modification type="file" reverse="true">MemberColorLinkItalian-utf8.xml</modification>
		<modification type="file" reverse="true">MemberColorLinkPortuguese.xml</modification>
		<modification type="file" reverse="true">MemberColorLinkPortuguese-utf8.xml</modification>
		<modification type="file" reverse="true">MemberColorLinkBrazilan.xml</modification>
		<modification type="file" reverse="true">MemberColorLinkSwedish.xml</modification>
		<modification type="file" reverse="true">MemberColorLinkSwedish-utf8.xml</modification>
		<modification type="file" reverse="true">MemberColorLinkRussian.xml</modification>
		<modification type="file" reverse="true">MemberColorLinkRussian-utf8.xml</modification>
		<modification type="file" reverse="true">MemberColorLinkSpanish_es.xml</modification>
		<modification type="file" reverse="true">MemberColorLinkSpanish_es-utf8.xml</modification>
	</uninstall>
	<install for="2.0 RC2">
		<readme parsebbc="true">readme.txt</readme>
		<code>install_2.x.x.php</code>
		<modification format="boardmod">MemberColorLink2.0.RC2.mod</modification>
		<modification type="file">MemberColorLinkEnglish.xml</modification>
		<modification type="file">MemberColorLinkEnglish-utf8.xml</modification>
		<modification type="file">MemberColorLinkGerman.xml</modification>
		<modification type="file">MemberColorLinkGerman-utf8.xml</modification>
		<modification type="file">MemberColorLinkSpain.xml</modification>
		<modification type="file">MemberColorLinkTurkish.xml</modification>
		<modification type="file">MemberColorLinkTurkish-utf8.xml</modification>
		<modification type="file">MemberColorLinkDutch.xml</modification>
		<modification type="file">MemberColorLinkDutch-utf8.xml</modification>
		<modification type="file">MemberColorLinkItalian.xml</modification>
		<modification type="file">MemberColorLinkItalian-utf8.xml</modification>
		<modification type="file">MemberColorLinkPortuguese.xml</modification>
		<modification type="file">MemberColorLinkPortuguese-utf8.xml</modification>
		<modification type="file">MemberColorLinkBrazilan.xml</modification>
		<modification type="file">MemberColorLinkSwedish.xml</modification>
		<modification type="file">MemberColorLinkSwedish-utf8.xml</modification>
		<modification type="file">MemberColorLinkRussian.xml</modification>
		<modification type="file">MemberColorLinkRussian-utf8.xml</modification>
		<modification type="file">MemberColorLinkSpanish_es.xml</modification>
		<modification type="file">MemberColorLinkSpanish_es-utf8.xml</modification>
		<redirect url="$scripturl?action=admin;area=featuresettings;sa=MemberColorLinks;" timeout="5000">redirect.txt</redirect>
	</install>
	<uninstall for="2.0 RC2">
		<modification format="boardmod" reverse="true">MemberColorLink2.0.RC2.mod</modification>
		<modification type="file" reverse="true">MemberColorLinkEnglish.xml</modification>
		<modification type="file" reverse="true">MemberColorLinkEnglish-utf8.xml</modification>
		<modification type="file" reverse="true">MemberColorLinkGerman.xml</modification>
		<modification type="file" reverse="true">MemberColorLinkGerman-utf8.xml</modification>
		<modification type="file" reverse="true">MemberColorLinkSpain.xml</modification>
		<modification type="file" reverse="true">MemberColorLinkTurkish.xml</modification>
		<modification type="file" reverse="true">MemberColorLinkTurkish-utf8.xml</modification>
		<modification type="file" reverse="true">MemberColorLinkDutch.xml</modification>
		<modification type="file" reverse="true">MemberColorLinkDutch-utf8.xml</modification>
		<modification type="file" reverse="true">MemberColorLinkItalian.xml</modification>
		<modification type="file" reverse="true">MemberColorLinkItalian-utf8.xml</modification>
		<modification type="file" reverse="true">MemberColorLinkPortuguese.xml</modification>
		<modification type="file" reverse="true">MemberColorLinkPortuguese-utf8.xml</modification>
		<modification type="file" reverse="true">MemberColorLinkBrazilan.xml</modification>
		<modification type="file" reverse="true">MemberColorLinkSwedish.xml</modification>
		<modification type="file" reverse="true">MemberColorLinkSwedish-utf8.xml</modification>
		<modification type="file" reverse="true">MemberColorLinkRussian.xml</modification>
		<modification type="file" reverse="true">MemberColorLinkRussian-utf8.xml</modification>
		<modification type="file" reverse="true">MemberColorLinkSpanish_es.xml</modification>
		<modification type="file" reverse="true">MemberColorLinkSpanish_es-utf8.xml</modification>
	</uninstall>	
	<install for="2.0 RC1, 2.0 RC1-1, 2.0 RC1.2">
		<readme parsebbc="true">readme.txt</readme>
		<code>install_2.x.RC1.php</code>
		<modification format="boardmod">MemberColorLink2.0.RC1.mod</modification>
		<modification type="file">MemberColorLinkEnglish.xml</modification>
		<modification type="file">MemberColorLinkEnglish-utf8.xml</modification>
		<modification type="file">MemberColorLinkGerman.xml</modification>
		<modification type="file">MemberColorLinkGerman-utf8.xml</modification>
		<modification type="file">MemberColorLinkSpain.xml</modification>
		<modification type="file">MemberColorLinkTurkish.xml</modification>
		<modification type="file">MemberColorLinkTurkish-utf8.xml</modification>
		<modification type="file">MemberColorLinkDutch.xml</modification>
		<modification type="file">MemberColorLinkDutch-utf8.xml</modification>
		<modification type="file">MemberColorLinkItalian.xml</modification>
		<modification type="file">MemberColorLinkItalian-utf8.xml</modification>
		<modification type="file">MemberColorLinkPortuguese.xml</modification>
		<modification type="file">MemberColorLinkPortuguese-utf8.xml</modification>
		<modification type="file">MemberColorLinkBrazilan.xml</modification>
		<modification type="file">MemberColorLinkSwedish.xml</modification>
		<modification type="file">MemberColorLinkSwedish-utf8.xml</modification>
		<modification type="file">MemberColorLinkRussian.xml</modification>
		<modification type="file">MemberColorLinkRussian-utf8.xml</modification>
		<modification type="file">MemberColorLinkSpanish_es.xml</modification>
		<modification type="file">MemberColorLinkSpanish_es-utf8.xml</modification>
		<redirect url="$scripturl?action=admin;area=featuresettings;sa=MemberColorLinks;" timeout="5000">redirect.txt</redirect>
	</install>
	<uninstall for="2.0 RC1,2.0 RC1-1,2.0 RC1.2">
		<modification format="boardmod" reverse="true">MemberColorLink2.0.RC1.mod</modification>
		<modification type="file" reverse="true">MemberColorLinkEnglish.xml</modification>
		<modification type="file" reverse="true">MemberColorLinkEnglish-utf8.xml</modification>
		<modification type="file" reverse="true">MemberColorLinkGerman.xml</modification>
		<modification type="file" reverse="true">MemberColorLinkGerman-utf8.xml</modification>
		<modification type="file" reverse="true">MemberColorLinkSpain.xml</modification>
		<modification type="file" reverse="true">MemberColorLinkTurkish.xml</modification>
		<modification type="file" reverse="true">MemberColorLinkTurkish-utf8.xml</modification>
		<modification type="file" reverse="true">MemberColorLinkDutch.xml</modification>
		<modification type="file" reverse="true">MemberColorLinkDutch-utf8.xml</modification>
		<modification type="file" reverse="true">MemberColorLinkItalian.xml</modification>
		<modification type="file" reverse="true">MemberColorLinkItalian-utf8.xml</modification>
		<modification type="file" reverse="true">MemberColorLinkPortuguese.xml</modification>
		<modification type="file" reverse="true">MemberColorLinkPortuguese-utf8.xml</modification>
		<modification type="file" reverse="true">MemberColorLinkBrazilan.xml</modification>
		<modification type="file" reverse="true">MemberColorLinkSwedish.xml</modification>
		<modification type="file" reverse="true">MemberColorLinkSwedish-utf8.xml</modification>
		<modification type="file" reverse="true">MemberColorLinkRussian.xml</modification>
		<modification type="file" reverse="true">MemberColorLinkRussian-utf8.xml</modification>
		<modification type="file" reverse="true">MemberColorLinkSpanish_es.xml</modification>
		<modification type="file" reverse="true">MemberColorLinkSpanish_es-utf8.xml</modification>
	</uninstall>
	<install for="2.0 Beta 4">
		<readme parsebbc="true">readme.txt</readme>
		<code>install_2.x.RC1.php</code>
		<modification format="boardmod">MemberColorLink2.0.beta4.mod</modification>
		<modification type="file">MemberColorLinkEnglish.xml</modification>
		<modification type="file">MemberColorLinkEnglish-utf8.xml</modification>
		<modification type="file">MemberColorLinkGerman.xml</modification>
		<modification type="file">MemberColorLinkGerman-utf8.xml</modification>
		<modification type="file">MemberColorLinkSpain.xml</modification>
		<modification type="file">MemberColorLinkTurkish.xml</modification>
		<modification type="file">MemberColorLinkTurkish-utf8.xml</modification>
		<modification type="file">MemberColorLinkDutch.xml</modification>
		<modification type="file">MemberColorLinkDutch-utf8.xml</modification>
		<modification type="file">MemberColorLinkItalian.xml</modification>
		<modification type="file">MemberColorLinkItalian-utf8.xml</modification>
		<modification type="file">MemberColorLinkPortuguese.xml</modification>
		<modification type="file">MemberColorLinkPortuguese-utf8.xml</modification>
		<modification type="file">MemberColorLinkBrazilan.xml</modification>
		<modification type="file">MemberColorLinkSwedish.xml</modification>
		<modification type="file">MemberColorLinkSwedish-utf8.xml</modification>
		<modification type="file">MemberColorLinkRussian.xml</modification>
		<modification type="file">MemberColorLinkRussian-utf8.xml</modification>
		<modification type="file">MemberColorLinkSpanish_es.xml</modification>
		<modification type="file">MemberColorLinkSpanish_es-utf8.xml</modification>
		<redirect url="$scripturl?action=admin;area=featuresettings;sa=MemberColorLinks;" timeout="5000">redirect.txt</redirect>
	</install>
	<uninstall for="2.0 Beta 4">
		<modification format="boardmod" reverse="true">MemberColorLink2.0.beta4.mod</modification>
		<modification type="file" reverse="true">MemberColorLinkEnglish.xml</modification>
		<modification type="file" reverse="true">MemberColorLinkEnglish-utf8.xml</modification>
		<modification type="file" reverse="true">MemberColorLinkGerman.xml</modification>
		<modification type="file" reverse="true">MemberColorLinkGerman-utf8.xml</modification>
		<modification type="file" reverse="true">MemberColorLinkSpain.xml</modification>
		<modification type="file" reverse="true">MemberColorLinkTurkish.xml</modification>
		<modification type="file" reverse="true">MemberColorLinkTurkish-utf8.xml</modification>
		<modification type="file" reverse="true">MemberColorLinkDutch.xml</modification>
		<modification type="file" reverse="true">MemberColorLinkDutch-utf8.xml</modification>
		<modification type="file" reverse="true">MemberColorLinkItalian.xml</modification>
		<modification type="file" reverse="true">MemberColorLinkItalian-utf8.xml</modification>
		<modification type="file" reverse="true">MemberColorLinkPortuguese.xml</modification>
		<modification type="file" reverse="true">MemberColorLinkPortuguese-utf8.xml</modification>
		<modification type="file" reverse="true">MemberColorLinkBrazilan.xml</modification>
		<modification type="file" reverse="true">MemberColorLinkSwedish.xml</modification>
		<modification type="file" reverse="true">MemberColorLinkSwedish-utf8.xml</modification>
		<modification type="file" reverse="true">MemberColorLinkRussian.xml</modification>
		<modification type="file" reverse="true">MemberColorLinkRussian-utf8.xml</modification>
		<modification type="file" reverse="true">MemberColorLinkSpanish_es.xml</modification>
		<modification type="file" reverse="true">MemberColorLinkSpanish_es-utf8.xml</modification>
	</uninstall>
	<upgrade from="3.0.0" for="1.1.5,1.1.6,1.1.7,1.1.8,1.1.9,1.1.10,1.1.11">
		<readme parsebbc="true">upgrade.txt</readme>
		<modification format="boardmod">Update300to305.1.1.x.mod</modification>
		<modification format="boardmod">Update306to307.x.x.x.mod</modification>
		<modification format="boardmod">Update307to308.x.x.x.mod</modification>
		<modification type="file">VersionUpdateWithFailOption.xml</modification>
		<redirect url="$scripturl?action=featuresettings;sa=MemberColorLinks" timeout="5000">redirect.txt</redirect>
	</upgrade>
	<upgrade from="3.0.1" for="1.1.5,1.1.6,1.1.7,1.1.8,1.1.9,1.1.10,1.1.11">
		<readme parsebbc="true">upgrade.txt</readme>
		<modification format="boardmod">Update301to305.1.1.x.mod</modification>
		<modification format="boardmod">Update306to307.x.x.x.mod</modification>
		<modification format="boardmod">Update307to308.x.x.x.mod</modification>
		<modification type="file">VersionUpdateWithFailOption.xml</modification>
		<redirect url="$scripturl?action=featuresettings;sa=MemberColorLinks" timeout="5000">redirect.txt</redirect>
	</upgrade> 
	<upgrade from="3.0.2" for="1.1.5,1.1.6,1.1.7,1.1.8,1.1.9,1.1.10,1.1.11">
		<readme parsebbc="true">upgrade.txt</readme>
		<modification format="boardmod">Update302to305.1.1.x.mod</modification>
		<modification format="boardmod">Update306to307.x.x.x.mod</modification>
		<modification format="boardmod">Update307to308.x.x.x.mod</modification>
		<modification type="file">VersionUpdateWithFailOption.xml</modification>
		<redirect url="$scripturl?action=featuresettings;sa=MemberColorLinks" timeout="5000">redirect.txt</redirect>
	</upgrade>
	<upgrade from="3.0.3" for="1.1.5,1.1.6,1.1.7,1.1.8,1.1.9,1.1.10,1.1.11">
		<readme parsebbc="true">upgrade.txt</readme>
		<modification format="boardmod">Update303to305.1.1.x.mod</modification>
		<modification format="boardmod">Update306to307.x.x.x.mod</modification>
		<modification format="boardmod">Update307to308.x.x.x.mod</modification>
		<modification type="file">VersionUpdateWithFailOption.xml</modification>
		<redirect url="$scripturl?action=featuresettings;sa=MemberColorLinks" timeout="5000">redirect.txt</redirect>
	</upgrade>
	<upgrade from="3.0.4" for="1.1.5,1.1.6,1.1.7,1.1.8,1.1.9,1.1.10,1.1.11">
		<readme parsebbc="true">upgrade.txt</readme>
		<modification format="boardmod">Update304to305.x.x.x.mod</modification>
		<modification format="boardmod">Update306to307.x.x.x.mod</modification>
		<modification format="boardmod">Update307to308.x.x.x.mod</modification>
		<modification type="file">VersionUpdateWithFailOption.xml</modification>
		<redirect url="$scripturl?action=featuresettings;sa=MemberColorLinks" timeout="5000">redirect.txt</redirect>
	</upgrade>	
	<upgrade from="3.0.5, 3.0.5a" for="1.1.5,1.1.6,1.1.7,1.1.8,1.1.9,1.1.10,1.1.11">
		<readme parsebbc="true">upgrade.txt</readme>
		<modification format="boardmod">Update306to307.x.x.x.mod</modification>
		<modification format="boardmod">Update307to308.x.x.x.mod</modification>
		<modification type="file">VersionUpdateWithFailOption.xml</modification>
		<redirect url="$scripturl?action=featuresettings;sa=MemberColorLinks" timeout="5000">redirect.txt</redirect>
	</upgrade>	
	<upgrade from="3.0.6" for="1.1.5,1.1.6,1.1.7,1.1.8,1.1.9,1.1.10,1.1.11">
		<readme parsebbc="true">upgrade.txt</readme>
		<modification format="boardmod">Update306to307.x.x.x.mod</modification>
		<modification format="boardmod">Update307to308.x.x.x.mod</modification>
		<modification type="file">VersionUpdateWithFailOption.xml</modification>
		<redirect url="$scripturl?action=featuresettings;sa=MemberColorLinks" timeout="5000">redirect.txt</redirect>
	</upgrade>	
	<upgrade from="3.0.7" for="1.1.5,1.1.6,1.1.7,1.1.8,1.1.9,1.1.10,1.1.11">
		<readme parsebbc="true">upgrade.txt</readme>
		<modification format="boardmod">Update307to308.x.x.x.mod</modification>
		<modification type="file">VersionUpdateWithFailOption.xml</modification>
		<redirect url="$scripturl?action=featuresettings;sa=MemberColorLinks" timeout="5000">redirect.txt</redirect>
	</upgrade>	

	<upgrade from="3.0.0" for="2.0 Beta 4,2.0 RC1,2.0 RC1-1,2.0 RC1.2,2.0 RC2,2.0 RC3">
		<readme parsebbc="true">upgrade.txt</readme>
		<modification format="boardmod">Update300to305.2.0.x.mod</modification>
		<modification format="boardmod">Update305to305a.2.0.x.mod</modification>
		<modification format="boardmod">Update305ato306.2.0.x.mod</modification>
		<modification format="boardmod">Update306to307.x.x.x.mod</modification>
		<modification format="boardmod">Update307to308.x.x.x.mod</modification>
		<modification type="file">VersionUpdateWithFailOption.xml</modification>
		<redirect url="$scripturl?action=admin;area=featuresettings;sa=MemberColorLinks;" timeout="5000">redirect.txt</redirect>
	</upgrade>
	<upgrade from="3.0.1" for="2.0 Beta 4,2.0 RC1,2.0 RC1-1,2.0 RC1.2,2.0 RC2,2.0 RC3">
		<readme parsebbc="true">upgrade.txt</readme>
		<modification format="boardmod">Update301to305.2.0.x.mod</modification>
		<modification format="boardmod">Update305to305a.2.0.x.mod</modification>
		<modification format="boardmod">Update305ato306.2.0.x.mod</modification>
		<modification format="boardmod">Update306to307.x.x.x.mod</modification>
		<modification format="boardmod">Update307to308.x.x.x.mod</modification>
		<modification type="file">VersionUpdateWithFailOption.xml</modification>
		<redirect url="$scripturl?action=admin;area=featuresettings;sa=MemberColorLinks;" timeout="5000">redirect.txt</redirect>
	</upgrade>
	<upgrade from="3.0.2" for="2.0 Beta 4,2.0 RC1,2.0 RC1-1,2.0 RC1.2,2.0 RC2,2.0 RC3">
		<readme parsebbc="true">upgrade.txt</readme>
		<modification format="boardmod">Update302to305.2.0.x.mod</modification>
		<modification format="boardmod">Update305to305a.2.0.x.mod</modification>
		<modification format="boardmod">Update305ato306.2.0.x.mod</modification>
		<modification format="boardmod">Update306to307.x.x.x.mod</modification>
		<modification format="boardmod">Update307to308.x.x.x.mod</modification>
		<modification type="file">VersionUpdateWithFailOption.xml</modification>
		<redirect url="$scripturl?action=admin;area=featuresettings;sa=MemberColorLinks;" timeout="5000">redirect.txt</redirect>
	</upgrade>
	<upgrade from="3.0.3" for="2.0 Beta 4,2.0 RC1,2.0 RC1-1,2.0 RC1.2,2.0 RC2,2.0 RC3">
		<readme parsebbc="true">upgrade.txt</readme>
		<modification format="boardmod">Update303to305.2.0.x.mod</modification>
		<modification format="boardmod">Update305to305a.2.0.x.mod</modification>
		<modification format="boardmod">Update305ato306.2.0.x.mod</modification>
		<modification format="boardmod">Update306to307.x.x.x.mod</modification>
		<modification format="boardmod">Update307to308.x.x.x.mod</modification>
		<modification type="file">VersionUpdateWithFailOption.xml</modification>
		<redirect url="$scripturl?action=admin;area=featuresettings;sa=MemberColorLinks;" timeout="5000">redirect.txt</redirect>
	</upgrade>
	<upgrade from="3.0.4" for="2.0 Beta 4,2.0 RC1,2.0 RC1-1,2.0 RC1.2,2.0 RC2,2.0 RC3">
		<readme parsebbc="true">upgrade.txt</readme>
		<modification format="boardmod">Update304to305.x.x.x.mod</modification>
		<modification format="boardmod">Update305to305a.2.0.x.mod</modification>
		<modification format="boardmod">Update305ato306.2.0.x.mod</modification>
		<modification format="boardmod">Update306to307.x.x.x.mod</modification>
		<modification format="boardmod">Update307to308.x.x.x.mod</modification>
		<modification type="file">VersionUpdateWithFailOption.xml</modification>
		<redirect url="$scripturl?action=admin;area=featuresettings;sa=MemberColorLinks;" timeout="5000">redirect.txt</redirect>
	</upgrade>	
	<upgrade from="3.0.5" for="2.0 Beta 4,2.0 RC1,2.0 RC1-1,2.0 RC1.2,2.0 RC2,2.0 RC3">
		<readme parsebbc="true">upgrade.txt</readme>
		<modification format="boardmod">Update305to305a.2.0.x.mod</modification>
		<modification format="boardmod">Update305ato306.2.0.x.mod</modification>
		<modification format="boardmod">Update306to307.x.x.x.mod</modification>
		<modification format="boardmod">Update307to308.x.x.x.mod</modification>
		<redirect url="$scripturl?action=admin;area=featuresettings;sa=MemberColorLinks;" timeout="5000">redirect.txt</redirect>
		<modification type="file">VersionUpdateWithFailOption.xml</modification>
	</upgrade>	
	<upgrade from="3.0.5a" for="2.0 Beta 4,2.0 RC1,2.0 RC1-1,2.0 RC1.2,2.0 RC2,2.0 RC3">
		<readme parsebbc="true">upgrade.txt</readme>
		<modification format="boardmod">Update305ato306.2.0.x.mod</modification>
		<modification format="boardmod">Update306to307.x.x.x.mod</modification>
		<modification format="boardmod">Update307to308.x.x.x.mod</modification>
		<redirect url="$scripturl?action=admin;area=featuresettings;sa=MemberColorLinks;" timeout="5000">redirect.txt</redirect>
		<modification type="file">VersionUpdateWithFailOption.xml</modification>
	</upgrade>	
	<upgrade from="3.0.6" for="2.0 Beta 4,2.0 RC1,2.0 RC1-1,2.0 RC1.2,2.0 RC2,2.0 RC3">
		<readme parsebbc="true">upgrade.txt</readme>
		<modification format="boardmod">Update306to307.x.x.x.mod</modification>
		<modification format="boardmod">Update307to308.x.x.x.mod</modification>
		<redirect url="$scripturl?action=admin;area=featuresettings;sa=MemberColorLinks;" timeout="5000">redirect.txt</redirect>
		<modification type="file">VersionUpdateWithFailOption.xml</modification>
	</upgrade>	
	<upgrade from="3.0.7" for="2.0 Beta 4,2.0 RC1,2.0 RC1-1,2.0 RC1.2,2.0 RC2,2.0 RC3">
		<readme parsebbc="true">upgrade.txt</readme>
		<modification format="boardmod">Update307to308.x.x.x.mod</modification>
		<redirect url="$scripturl?action=admin;area=featuresettings;sa=MemberColorLinks;" timeout="5000">redirect.txt</redirect>
		<modification type="file">VersionUpdateWithFailOption.xml</modification>
	</upgrade>	
</package-info>
