﻿<?xml version="1.0"?>
<!DOCTYPE modification SYSTEM "http://www.simplemachines.org/xml/modification">
<modification xmlns="http://www.simplemachines.org/xml/modification" xmlns:smf="http://www.simplemachines.org/">
	<id>din1031:MemberColorLink</id>
	<version>3.0.8</version>
	<info>Version Update for all Versions :P only one should work</info>
	<homepage>http://www.ayu-kult.de</homepage>
	<file name="$sourcedir/Load.php">
		<operation error="ignore">
			<search position="replace"><![CDATA[$modSettings['MemberColorLinkVersion'] = '3.0.0';]]></search>
			<add><![CDATA[$modSettings['MemberColorLinkVersion'] = '3.0.8';]]></add>
		</operation>
		<operation error="ignore">
			<search position="replace"><![CDATA[$modSettings['MemberColorLinkVersion'] = '3.0.1';]]></search>
			<add><![CDATA[$modSettings['MemberColorLinkVersion'] = '3.0.8';]]></add>
		</operation>
		<operation error="ignore">
			<search position="replace"><![CDATA[$modSettings['MemberColorLinkVersion'] = '3.0.2';]]></search>
			<add><![CDATA[$modSettings['MemberColorLinkVersion'] = '3.0.8';]]></add>
		</operation>
		<operation error="ignore">
			<search position="replace"><![CDATA[$modSettings['MemberColorLinkVersion'] = '3.0.3';]]></search>
			<add><![CDATA[$modSettings['MemberColorLinkVersion'] = '3.0.8';]]></add>
		</operation>
		<operation error="ignore">
			<search position="replace"><![CDATA[$modSettings['MemberColorLinkVersion'] = '3.0.4';]]></search>
			<add><![CDATA[$modSettings['MemberColorLinkVersion'] = '3.0.8';]]></add>
		</operation>
		<operation error="ignore">
			<search position="replace"><![CDATA[$modSettings['MemberColorLinkVersion'] = '3.0.5';]]></search>
			<add><![CDATA[$modSettings['MemberColorLinkVersion'] = '3.0.8';]]></add>
		</operation>
		<operation error="ignore">
			<search position="replace"><![CDATA[$modSettings['MemberColorLinkVersion'] = '3.0.6';]]></search>
			<add><![CDATA[$modSettings['MemberColorLinkVersion'] = '3.0.8';]]></add>
		</operation>
		<operation error="ignore">
			<search position="replace"><![CDATA[$modSettings['MemberColorLinkVersion'] = '3.0.7';]]></search>
			<add><![CDATA[$modSettings['MemberColorLinkVersion'] = '3.0.8';]]></add>
		</operation>
	</file>
</modification>