<?xml version="1.0"?>
<!DOCTYPE modification SYSTEM "http://www.simplemachines.org/xml/modification">
<modification xmlns="http://www.simplemachines.org/xml/modification" xmlns:smf="http://www.simplemachines.org/">
	<name>Menu_Icons</name>
	<id>bluedevil:Menu_Icons</id>
	<version>1.0</version>


		
		<file name="$sourcedir/Subs.php">

		<operation>
			<search position="before"><![CDATA[	global $context, $modSettings, $user_info, $txt, $scripturl;]]></search>
			<add><![CDATA[        global $settings;]]></add>
		</operation>

		<operation>
			<search position="replace"><![CDATA[				'title' => $txt['home'],]]></search>
			<add><![CDATA[				'title' => '<img align="absMiddle" src="'. $settings['images_url']. '/menu_icons/house.png" alt="'.$txt['home']. '"/>&nbsp; ' . $txt['home'],]]></add>
		</operation>

		<operation>
			<search position="replace"><![CDATA[				'title' => $txt['help'],]]></search>
			<add><![CDATA[				'title' => '<img align="absMiddle" src="'. $settings['images_url']. '/menu_icons/help.png" alt="'.$txt['help']. '"/>&nbsp; ' . $txt['help'],]]></add>
		</operation>

		<operation>
			<search position="replace"><![CDATA[				'title' => $txt['search'],]]></search>
			<add><![CDATA[				'title' => '<img align="absMiddle" src="'. $settings['images_url']. '/menu_icons/magnifier.png" alt="'.$txt['search']. '"/>&nbsp; ' . $txt['search'],]]></add>
		</operation>

		<operation>
			<search position="replace"><![CDATA[				'title' => $txt['admin'],]]></search>
			<add><![CDATA[				'title' => '<img align="absMiddle" src="'. $settings['images_url']. '/menu_icons/star.png" alt="'.$txt['admin']. '"/>&nbsp; ' . $txt['admin'],]]></add>
		</operation>

		<operation>
			<search position="replace"><![CDATA[				'title' => $txt['moderate'],]]></search>
			<add><![CDATA[				'title' => '<img align="absMiddle" src="'. $settings['images_url']. '/menu_icons/star.png" alt="'.$txt['moderate']. '"/>&nbsp; ' . $txt['moderate'],]]></add>
		</operation>

		<operation>
			<search position="replace"><![CDATA[				'title' => $txt['profile'],]]></search>
			<add><![CDATA[				'title' => '<img align="absMiddle" src="'. $settings['images_url']. '/menu_icons/user.png" alt="'.$txt['profile']. '"/>&nbsp; ' . $txt['profile'],]]></add>
		</operation>

		<operation>
			<search position="replace"><![CDATA[				'title' => $txt['pm_short'],]]></search>
			<add><![CDATA[				'title' => '<img align="absMiddle" src="'. $settings['images_url']. '/menu_icons/email.png" alt="'.$txt['pm_short']. '"/>&nbsp; ' . $txt['pm_short'],]]></add>
		</operation>

		<operation>
			<search position="replace"><![CDATA[				'title' => $txt['members_title'],]]></search>
			<add><![CDATA[				'title' => '<img align="absMiddle" src="'. $settings['images_url']. '/menu_icons/group.png" alt="'.$txt['members_title']. '"/>&nbsp; ' . $txt['members_title'],]]></add>
		</operation>

		<operation>
			<search position="replace"><![CDATA[				'title' => $txt['logout'],]]></search>
			<add><![CDATA[				'title' => '<img align="absMiddle" src="'. $settings['images_url']. '/menu_icons/delete.png" alt="'.$txt['logout']. '"/>&nbsp; ' . $txt['logout'],]]></add>
		</operation>

		<operation>
			<search position="replace"><![CDATA[				'title' => $txt['login'],]]></search>
			<add><![CDATA[				'title' => '<img align="absMiddle" src="'. $settings['images_url']. '/menu_icons/key.png" alt="'.$txt['login']. '"/>&nbsp; ' . $txt['login'],]]></add>
		</operation>

		<operation>
			<search position="replace"><![CDATA[				'title' => $txt['register'],]]></search>
			<add><![CDATA[				'title' => '<img align="absMiddle" src="'. $settings['images_url']. '/menu_icons/key_add.png" alt="'.$txt['register']. '"/>&nbsp; ' . $txt['register'],]]></add>
		</operation>

		<operation>
			<search position="replace"><![CDATA[				'title' => $txt['modSettings_title'],]]></search>
			<add><![CDATA[				'title' => '<img align="absMiddle" src="'. $settings['images_url']. '/menu_icons/joystick.png" alt="'.$txt['modSettings_title']. '"/>&nbsp; ' . $txt['modSettings_title'],]]></add>
		</operation>

		<operation>
			<search position="replace"><![CDATA[				'title' => $txt['package'],]]></search>
			<add><![CDATA[				'title' => '<img align="absMiddle" src="'. $settings['images_url']. '/menu_icons/box.png" alt="'.$txt['package']. '"/>&nbsp; ' . $txt['package'],]]></add>
		</operation>

		<operation>
			<search position="replace"><![CDATA[				'title' => $txt['errlog'],]]></search>
			<add><![CDATA[				'title' => '<img align="absMiddle" src="'. $settings['images_url']. '/menu_icons/bug.png" alt="'.$txt['errlog']. '"/>&nbsp; ' . $txt['errlog'],]]></add>
		</operation>

		<operation>
			<search position="replace"><![CDATA[				'title' => $txt['edit_permissions'],]]></search>
			<add><![CDATA[				'title' => '<img align="absMiddle" src="'. $settings['images_url']. '/menu_icons/user_edit.png" alt="'.$txt['edit_permissions']. '"/>&nbsp; ' . $txt['edit_permissions'],]]></add>
		</operation>

		<operation>
			<search position="replace"><![CDATA[				'title' => $txt['modlog_view'],]]></search>
			<add><![CDATA[				'title' => '<img align="absMiddle" src="'. $settings['images_url']. '/menu_icons/report.png" alt="'.$txt['modlog_view']. '"/>&nbsp; ' . $txt['modlog_view'],]]></add>
		</operation>

		<operation>
			<search position="replace"><![CDATA[				'title' => $txt['summary'],]]></search>
			<add><![CDATA[				'title' => '<img align="absMiddle" src="'. $settings['images_url']. '/menu_icons/arrow_rotate_clockwise.png" alt="'.$txt['summary']. '"/>&nbsp; ' . $txt['summary'],]]></add>
		</operation>

		<operation>
			<search position="replace"><![CDATA[				'title' => $txt['account'],]]></search>
			<add><![CDATA[				'title' => '<img align="absMiddle" src="'. $settings['images_url']. '/menu_icons/application.png" alt="'.$txt['account']. '"/>&nbsp; ' . $txt['account'],]]></add>
		</operation>

		<operation>
			<search position="replace"><![CDATA[				'title' => $txt['forumprofile'],]]></search>
			<add><![CDATA[				'title' => '<img align="absMiddle" src="'. $settings['images_url']. '/menu_icons/user_edit.png" alt="'.$txt['forumprofile']. '"/>&nbsp; ' . $txt['forumprofile'],]]></add>
		</operation>

		<operation>
			<search position="replace"><![CDATA[				'title' => $txt['pm_menu_read'],]]></search>
			<add><![CDATA[				'title' => '<img align="absMiddle" src="'. $settings['images_url']. '/menu_icons/email_open.png" alt="'.$txt['pm_menu_read']. '"/>&nbsp; ' . $txt['pm_menu_read'],]]></add>
		</operation>

		<operation>
			<search position="replace"><![CDATA[				'title' => $txt['pm_menu_send'],]]></search>
			<add><![CDATA[				'title' => '<img align="absMiddle" src="'. $settings['images_url']. '/menu_icons/email_edit.png" alt="'.$txt['pm_menu_send']. '"/>&nbsp; ' . $txt['pm_menu_send'],]]></add>
		</operation>

		<operation>
			<search position="replace"><![CDATA[				'title' => $txt['mlist_search'],]]></search>
			<add><![CDATA[				'title' => '<img align="absMiddle" src="'. $settings['images_url']. '/menu_icons/user_comment.png" alt="'.$txt['mlist_search']. '"/>&nbsp; ' . $txt['mlist_search'],]]></add>
		</operation>

		<operation>
			<search position="replace"><![CDATA[				'title' => $txt['mlist_menu_view'],]]></search>
			<add><![CDATA[				'title' => '<img align="absMiddle" src="'. $settings['images_url']. '/menu_icons/user_go.png" alt="'.$txt['mlist_menu_view']. '"/>&nbsp; ' . $txt['mlist_menu_view'],]]></add>
		</operation>


		<operation>
			<search position="replace"><![CDATA[				'title' => $txt['calendar'],]]></search>
			<add><![CDATA[				'title' => '<img align="absMiddle" src="'. $settings['images_url']. '/menu_icons/date.png" alt="'.$txt['calendar']. '"/>&nbsp; ' . $txt['calendar'],]]></add>
		</operation>


		<operation>
			<search position="replace"><![CDATA[				'title' => $txt['calendar_menu'],]]></search>
			<add><![CDATA[				'title' => '<img align="absMiddle" src="'. $settings['images_url']. '/menu_icons/date_go.png" alt="'.$txt['calendar_menu']. '"/>&nbsp; ' . $txt['calendar_menu'],]]></add>
		</operation>


		<operation>
			<search position="replace"><![CDATA[				'title' => $txt['calendar_post_event'],]]></search>
			<add><![CDATA[				'title' => '<img align="absMiddle" src="'. $settings['images_url']. '/menu_icons/date_edit.png" alt="'.$txt['calendar_post_event']. '"/>&nbsp; ' . $txt['calendar_post_event'],]]></add>
		</operation>

		<operation>
			<search position="replace"><![CDATA[				'title' => $txt['mc_unapproved_poststopics'],]]></search>
			<add><![CDATA[				'title' => '<img align="absMiddle" src="'. $settings['images_url']. '/menu_icons/pencil_delete.png" alt="'.$txt['mc_unapproved_poststopics']. '"/>&nbsp; ' . $txt['mc_unapproved_poststopics'],]]></add>
		</operation>

		<operation>
			<search position="replace"><![CDATA[				'title' => $txt['mc_unapproved_attachments'],]]></search>
			<add><![CDATA[				'title' => '<img align="absMiddle" src="'. $settings['images_url']. '/menu_icons/photo_delete.png" alt="'.$txt['mc_unapproved_attachments']. '"/>&nbsp; ' . $txt['mc_unapproved_attachments'],]]></add>
		</operation>

		<operation>
			<search position="replace"><![CDATA[				'title' => $txt['mc_reported_posts'],]]></search>
			<add><![CDATA[				'title' => '<img align="absMiddle" src="'. $settings['images_url']. '/menu_icons/report_edit.png" alt="'.$txt['mc_reported_posts']. '"/>&nbsp; ' . $txt['mc_reported_posts'],]]></add>
		</operation>

		</file>
		
</modification>