<?xml version="1.0"?>
<!DOCTYPE package-info SYSTEM "http://www.simplemachines.org/xml/package-info">

<package-info xmlns="http://www.simplemachines.org/xml/package-info" xmlns:smf="http://www.simplemachines.org/">

	<name>Menu_Icons</name>
	<id>bluedevil:Menu_Icons</id>
	<version>1.0</version>
	<type>modification</type>

	
	
	<install for="2.0 RC2, 2.0 RC3, 2.0 RC4">
		<modification type="file">menuicons.xml</modification>
		<require-dir name="menu_icons" destination="$imagesdir" />
                <readme parsebbc="true">read-me.txt</readme>
	</install>


	<uninstall for="2.0 RC2, 2.0 RC3, 2.0 RC4">
		<modification type="file" reverse="true">menuicons.xml</modification>
                                <remove-dir name="$imagesdir/menu_icons" />
	</uninstall>

</package-info>